"Status","HTTP","Rel","Note"
"EXCEPTION","0","/index.html","Response status code does not indicate success: 401 (Authorization Required)."
"EXCEPTION","0","/booking.html","Response status code does not indicate success: 401 (Authorization Required)."
"EXCEPTION","0","/operas.html","Response status code does not indicate success: 401 (Authorization Required)."
"EXCEPTION","0","/cast-public.html","Response status code does not indicate success: 401 (Authorization Required)."
"EXCEPTION","0","/news.html","Response status code does not indicate success: 401 (Authorization Required)."
"EXCEPTION","0","/contact.html","Response status code does not indicate success: 401 (Authorization Required)."
"EXCEPTION","0","/qualifications.html","Response status code does not indicate success: 401 (Authorization Required)."
"EXCEPTION","0","/services.html","Response status code does not indicate success: 401 (Authorization Required)."
"EXCEPTION","0","/admin/login.html","Response status code does not indicate success: 401 (Authorization Required)."
"EXCEPTION","0","/admin/index.html","Response status code does not indicate success: 401 (Authorization Required)."
"EXCEPTION","0","/admin/orders.html","Response status code does not indicate success: 401 (Authorization Required)."
"EXCEPTION","0","/admin/finance.html","Response status code does not indicate success: 401 (Authorization Required)."
"EXCEPTION","0","/admin/attendance.html","Response status code does not indicate success: 401 (Authorization Required)."
"EXCEPTION","0","/admin/cast-sheet.html","Response status code does not indicate success: 401 (Authorization Required)."
